엔터티1,엔터티1유형,관계,엔터티2,엔터티2유형,속성
중국,국가,수입,버섯건강식품,품목,시기:2024년
중국,국가,생산,버섯건강식품,품목,시기:2024년
중국,국가,수입,비타민및미네랄,품목,시기:2024년
중국,국가,수입,일반의약품,품목,시기:2024년
중국,국가,수입,HS CODE 2106.90,품목,시기:2023년
중국,국가,수입,HS CODE 2106.90,품목,시기:2023년
중국,국가,수입,HS CODE 2106.90,품목,시기:2023년
중국,국가,수입,HS CODE 2106.90,품목,시기:2023년
중국,국가,수입,HS CODE 2106.90,품목,시기:2023년
중국,국가,수입,HS CODE 2106.90,품목,시기:2023년
중국,국가,수입,HS CODE 2106.90,품목,시기:2023년
중국,국가,수입,HS CODE 2106.90,품목,시기:2023년
중국,국가,수입,HS CODE 2106.90,품목,시기:2023년
중국,국가,수입,HS CODE 2106.90,품목,시기:2023년
중국,국가,수입,HS CODE 2106.90,품목,시기:2023년
중국,국가,수입,HS CODE 2106.90,품목,시기:2023년
중국,국가,수입,HS CODE 2106.90,품목,시기:2023년
중국,국가,수입,HS CODE 2106.90,품목,시기:2023년
중국,국가,수입,HS CODE 2106.90,품목,시기:2023년
중국,국가,수입,HS CODE 2106.90,품목,시기:2023년
중국,국가,수입,HS CODE 2106.90,품목,시기:2023년
중국,국가,수입,HS CODE 2106.90,품목,시기:2023년
중국,국가,수입,HS CODE 2106.90,품목,시기:2023년
중국,국가,수입,HS CODE 2106.90,품목,시기:2023년
중국,국가,수입,HS CODE 2106.90,품목,시기:2023년
중국,국가,수입,HS CODE 2106.90,품목,시기:2023년
중국,국가,수입,HS CODE 2106.90,품목,시기:2023년
중국,국가,수입,HS CODE 2106.90,품목,시기:2023년
중국,국가,수입,HS CODE 2106.90,품목,시기:2023년
중국,국가,수입,HS CODE 2106.90,품목,시기:2023년
중국,국가,수입,HS CODE 2106.90,품목,시기:2023년
중국,국가,수입,HS CODE 2106.90,품목,시기:2023년